title,Number,As of,Business model,Release date,Publisher
CrossFire,660million registered accounts,September 2018,Free-to-play,03-May-07,Smilegate
Dungeon Fighter Online,600million,June 2018,Free-to-play,August 2005,Nexon
Pac-Man Doodle,505million peakdaily players,June 2010,Free-to-play,21-May-10,Google
Candy Crush Saga,500million,June 2014,Free-to-play,12-Apr-12,King
Tetris,500million,2016,Pay-to-play/free-to-play,06-Jun-84,Various
PlayerUnknown's Battlegrounds,400million,June 2018,Pay-to-play,20-Dec-17,PUBG Corporation
Microsoft Solitaire,400million,July 2015,Free-to-play,1990,Microsoft
Fantasy Westward Journey,310million registered accounts,April 2015,Free-to-play,December 2001,NetEase
Fortnite,250million registered accounts,March 2019,Free-to-play,26-Sep-17,Epic Games
Rules of Survival,230million,October 2018,Free-to-play,17-Nov-17,NetEase
RuneScape,200million registered accounts,July 2012,Subscription[b],04-Jan-01,Jagex
Dragon Nest,200million,March 2013,Free-to-play,March 2010,Nexon
The Legend of Mir 3,120million registered accounts,February 2012,Subscription,October 2004,WeMade Entertainment
League of Legends,111million peak monthly players,August 2018,Free-to-play,27-Oct-09,Riot Games
World of Warcraft,100 million,January 2014,Subscription/pay-to-play,23-Nov-04,Blizzard Entertainment
CityVille,100 million,October 2011,Free-to-play,02-Dec-10,Zynga
Happy Farm,100 million,August 2013,Free-to-play,November 2008,5 Minutes
MapleStory,100 million,April 2018,Free-to-play,29-Apr-03,Nexon
Scions of Fate,100 million,April 2018,Free-to-play,25-Nov-04,KRG Soft
The Sims Social,100 million,October 2011,Free-to-play,09-Aug-11,Electronic Arts
Zhengtu,100 million,April 2018,Free-to-play,2007,Zhengtu Network
Microsoft Solitaire Collection,100million,31-Aug-16,Free-to-play,29-Jul-15,Microsoft
Hearthstone,100 million,November 2018,Free-to-play,11-Mar-14,Blizzard Entertainment
Minecraft,91million peak monthly players,October 2018,Pay-to-play,18-Nov-11,Mojang
FarmVille,83million peak monthly players,March 2010,Free-to-play,19-Jun-09,Zynga
Westward Journey Online II,83million registered accounts,November 2006,Free-to-play,2001,NetEase
Ragnarok Online,80million registered accounts,April 2018,Subscription,31-Aug-02,Gravity
Moshi Monsters,80million registered accounts,July 2014,Free-to-play,16-Apr-08,Mind Candy
Yu-Gi-Oh! Duel Links,80million,01-Nov-18,Free-to-play,17-Nov-16,Konami
Dragon Oath,75million registered accounts,February 2010,Free-to-play,2007,KRG Soft
Grand Theft Auto V,71million,December 2018,Pay-to-play,01-Oct-13,Rockstar Games
Roblox,70million peak monthly players,September 2018,Free-to-play,27-Aug-06,Roblox Corporation
Dofus,62million registered accounts,April 2018,Subscription[b],September 2004,Ankama
Flyff,60million registered accounts,April 2018,Free-to-play,16-Aug-04,Gala Lab
Lineage,50million,March 2007,Subscription,03-Sep-98,NCSoft
Perfect World,50million registered accounts,April 2018,Free-to-play,July 2005,Beijing Perfect World
Team Fortress 2,50million owners on?Steam,July 2018,Free-to-play,10-Oct-07,Valve Corporation
Apex Legends,50million registered accounts,March 2019,Free-to-play,04-Feb-19,Electronic Arts
Counter-Strike: Global Offensive,46million owners on Steam,July 2018,Free-to-play[f],21-Aug-12,Valve Corporation
FarmVille 2,43million peak monthly players,December 2012,Free-to-play,September 2012,Zynga
Overwatch,40million,May 2018,Pay-to-play,24-May-16,Blizzard Entertainment
Rocket League,40million,January 2018,Pay-to-play,07-Jul-15,Psyonix
Tom Clancy's Rainbow Six Siege,40million registered accounts,June 2018,Pay-to-play,01-Dec-15,Ubisoft
Warframe,38million registered accounts,March 2018,Free-to-play,25-Mar-13,Digital Extremes
Drakensang Online,35million registered accounts,April 2018,Free-to-play,August 2011,Bigpoint
Evony,33million registered accounts,October 2016,Free-to-play,06-May-09,Evony LLC
FIFA 18,32.5million,December 2018,Pay-to-play,29-Sep-17,EA Sports
Pac-Man,30million peak monthly US players,1982,Pay-to-play,21-May-80,Namco
FIFA 17,30million,December 2018,Pay-to-play,27-Sep-16,EA Sports
FIFA 16,28.3million,December 2018,Pay-to-play,22-Sep-15,EA Sports
GetAmped,26million registered accounts,October 2008,Free-to-play,26-Apr-02,CyberStep
Metal Slug Defense,29million,February 2016,Free-to-play,01-May-14,SNK
Unturned,27million owners on Steam,July 2018,Free-to-play,07-Jul-17,Smartly Dressed Games
TERA,26million registered accounts,May 2017,Free-to-play,25-Jan-11,Bluehole
Street Fighter II,25million US players,1994,Pay-to-play,06-Feb-91,Capcom
Call of Duty: WWII,24.9million,December 2018,Pay-to-play,03-Nov-17,Activision
Left 4 Dead 2,23million owners on Steam,July 2018,Pay-to-play,17-Nov-09,Valve Corporation
DC Universe Online,20million,May 2015,Free-to-play,11-Jan-11,Daybreak Game Company
Shadowverse,20million,October 2018,Free-to-play,17-Jun-16,Cygames/NetEase
Blade & Soul,18million,December 2013,Subscription,30-Jun-12,NCSoft
Payday 2,18million owners on Steam,July 2018,Pay-to-play,13-Aug-13,Starbreeze Studios
Farm Town,17million peak monthly players,August 2009,Free-to-play,01-Feb-09,SlashKey
The Last of Us Remastered,15.9million,December 2018,Pay-to-play,29-Jul-14,Sony
Doom,15million,2006,Shareware,10-Dec-93,id Software
For Honor,15million,October 2018,Free-to-play,14-Feb-17,Ubisoft
Trove,15million,February 2018,Free-to-play,09-Jul-15,Trion Worlds
Puyopuyo!! Quest Arcade,15million,July 2016,Free-to-play,07-Nov-13,Sega
Final Fantasy XIV,14million registered accounts,August 2018,Subscription,27-Aug-13,Square Enix
Lineage II,14million,June 2007,Subscription,01-Oct-03,NCSoft
Paladins,14million owners on Steam,July 2018,Free-to-play,15-Sep-16,Hi-Rez Studios
Battlefield 4,13.9million owners on Steam,December 2018,Pay-to-play,29-Oct-13,Electronic Arts
Dota 2,13million peak monthly players,September 2016,Free-to-play,09-Jul-13,Valve Corporation
Osu!,13million registered accounts,February 2019,Free-to-play,16-Sep-07,PPY Developments PTY
Call of Duty: Ghosts,12.6million,December 2018,Pay-to-play,05-Nov-13,Activision
FIFA 19,12.5million,December 2018,Pay-to-play,28-Sep-18,EA Sports
Guild Wars 2,11million,September 2018,Free-to-play,28-Aug-12,NCSoft
The Elder Scrolls Online,10million registered accounts,December 2017,Pay-to-play,04-Apr-14,Bethesda Softworks
Forza Horizon 3,10million,September 2018,Pay-to-play,27-Sep-16,Microsoft Studios
Star Wars: The Old Republic,10million registered accounts,April 2018,Subscription,20-Dec-11,Electronic Arts
Black Desert Online,10million registered accounts,September 2018,Pay-to-play,14-Jul-15,Bethesda Softworks
Free Realms,10million registered accounts,April 2018,Free-to-play,28-Apr-09,Sony Online Entertainment
H1Z1,10million,June 2018,Free-to-play,28-Feb-18,Daybreak Game Company
Robocraft,10million owners on Steam,July 2018,Free-to-play,24-Aug-17,Freejam Games
Ark: Survival Evolved,10million,November 2017,Pay-to-play,29-Aug-17,Studio Wildcard
