Title,Total copies sold,Sales Breakdown,Release date,Genre,Developer,Publisher
PlayerUnknown's Battlegrounds,8 million,N/A,"December 12, 2017",Battle Royale,PUBG Corporation,PUBG Corporation
Halo 5: Guardians,5 million,N/A,"October 27, 2015",First-person shooter,343 Industries,Microsoft Studios
Battlefield 1,4.32 million,N/A,"October 21, 2016",First-person shooter,EA DICE,Electronic Arts
Call of Duty: Infinite Warfare,3.96 million,N/A,"November 4, 2016",First-person shooter,Infinity Ward,Activision
FIFA 17,3.63 million,N/A,"NA:September 27, 2016",Sports,EA Vancouver,EA Sports
Gears of War 4,2.66 million,N/A,"October 11, 2016",Third-person shooter,The Coalition,Microsoft Studios
Dead Rising 3,2.6 million,N/A,"November 22, 2013",Action-adventure,Capcom Vancouver,Microsoft Studios
Forza Horizon 3,2.5 million,N/A,"September 27, 2016",Racing,"Playground Games,Turn 10 Studios",Microsoft Studios
Tom Clancy's The Division,2.41 million,N/A,"?March 8, 2016",Action role-playing,Massive Entertainment,Ubisoft
Madden NFL 17,2.02 million,N/A,"August 23, 2016",Sports,EA Tiburon,EA Sports
Forza Motorsport 5,2 million,N/A,"November 22, 2013",Racing,Turn 10 Studios,Microsoft Studios
Grand Theft Auto V,1.82 million,N/A,"November 18, 2014",Action-adventure,Rockstar North,Rockstar Games
Minecraft: Xbox One Edition,1.78 million,N/A,"September 5, 2014",Sandbox,Mojang,Microsoft Studios
Gears of War: Ultimate Edition,1.6 million,N/A,"August 25, 2015EU:August 28, 2015",Third-person shooter,The Coalition,Microsoft Studios
ARK: Survival Evolved,1.5 million,N/A,"August 29, 2017",Action-adventure,Studio Wildcard,Studio Wildcard
Forza Motorsport 6,1 million,N/A,"NA:September 15, 2015EU:September 18, 2015",Racing,Turn 10 Studios,Microsoft Studios
Rise of the Tomb Raider,1 million,N/A,"NA:November 10, 2015AU:November 10, 2015EU:November 13, 2015",Action-adventure,Crystal Dynamics,Microsoft Studios
