Franchise,Year of inception,Lifetime revenue,Franchise owner(s),Platform(s) of origin
Pokemon,1996,$90 billion(as of 2019)(including all media),Nintendo/The Pokemon Company,Game Boy
Mario,1981,$30.25 billion(as of 2018),Nintendo,Arcade
Call of Duty,2003,$17 billion(as of 2018),Activision,PC
Wii series,2006,$14.808 billion(as of 2018),Nintendo,Wii
Pac-Man,1980,$14.107 billion(as of 2016),Bandai Namco Entertainment,Arcade
Space Invaders,1978,$13.93 billion(as of 2016),Taito/Square Enix,Arcade
Dungeon Fighter Online,2005,$11.8 billion(as of 2018),Neople/Nexon,PC
Street Fighter,1987,$11.279 billion(as of 2018),Capcom,Arcade
Final Fantasy,1987,$10.656 billion(as of 2018),Square Enix,Nintendo Entertainment System
Warcraft,1994,$10.627 billion(as of 2018),Blizzard Entertainment,PC
CrossFire,2007,$10.6 billion(as of 2018),Smilegate/Tencent,PC
FIFA,1993,$10.189 billion(as of 2018),Electronic Arts,Sega Mega Drive
Grand Theft Auto,1997,$9.391 billion(as of 2018),Rockstar Games,PC
Lineage,1998,$9.119 billion(as of 2018),NCsoft,PC /Mac
League of Legends,2009,$8.398 billion(as of 2018),Riot Games/(Tencent),PC / Mac
Monster Strike,2013,$7.236 billion(as of 2018),Mixi,Mobile
Puzzle & Dragons,2012,$7.083 billion(as of 2018),GungHo Online Entertainment,Mobile
Westward Journey,2001,$6.524 billion(as of 2018),NetEase,PC
Digimon,1997,$6.358 billion(as of 2017) (including all media),Bandai Namco Entertainment,Digital pet
Honor of Kings?/?Arena of Valor,2015,$6.388 billion(as of 2018),Tencent Games,Mobile
Sonic the Hedgehog,1991,$6.228 billion(as of 2018),Sega,Sega Mega Drive
Dragon Quest,1986,$6.015 billion(as of 2018),Square Enix,Nintendo Entertainment System
Clash of Clans,2012,$6 billion(as of 2018),Supercell,Mobile
Pro Evolution Soccer/Winning Eleven,1995,$5.648 billion(as of 2018),Konami,PlayStation
Dragon Ball video games,1986,$5.274 billion(as of 2018),Bandai Namco Entertainment,Super Cassette Vision
Halo,2001,$5 billion(as of 2015)(including console bundles),Microsoft,Xbox
Candy Crush Saga,2012,$4.964 billion(as of 2018),King,Browser
Star Wars video games,1982,$4.944 billion(as of 2018),The Walt Disney Company,Atari 2600
Assassin's Creed,2007,$4.091 billion(as of 2016),Ubisoft,PlayStation 3/Xbox 360
Madden NFL,1988,4 billion(as of 2013),Electronic Arts,Apple II
Need for Speed,1994,$4 billion(as of 2014),Electronic Arts,3DO Interactive Multiplayer
Gran Turismo,1997,$4 billion(as of 2017),Sony Interactive Entertainment,PlayStation
Monster Hunter,2004,$3.704 billion(as of 2018) (including all media),Capcom,PlayStation 2
Resident Evil,1996,$3.614 billion(as of 2019),Capcom,PlayStation
Skylanders,2011,$3.5 billion(as of 2017)(including all media),Activision,Wii
Fate,2004,$3.486 billion(as of 2018),Type-Moon/Sony Music Entertainment Japan,PC
The Legend of Zelda,1986,$3.436 billion(as of 2018) (including all media),Nintendo,Famicom Disk System
Tomb Raider,1996,$3.122 billion(as of 2017) (including all media),Square Enix,Sega Saturn
Super Smash Bros.,1999,$3.044 billion(as of 2018),Nintendo,Nintendo 64
MapleStory,2003,$3.004 billion(as of 2018),Wizet/Nexon,PC
Battlefield,2002,$2.74 billion(as of 2017),Electronic Arts,PC
Metal Gear,1987,$2.513 billion(as of 2016),Konami,MSX2
The Sims,2000,$2.5 billion(as of 2010),Electronic Arts,PC
Fortnite,2017,$2.489 billion(as of 2018),Epic Games/(Tencent),PlayStation 4/Xbox One/ PC
Minecraft,2011,$2.211 billion(as of 2018),Mojang,PC / Mac
PlayerUnknown's Battlegrounds,2017,$2.17 billion(as of 2019),Bluehole/Tencent,PC
Clash Royale,2016,$2 billion(as of 2018),Supercell,Mobile
Guitar Hero,2005,$2 billion(as of 2010),Activision,PlayStation 2
Lego?video games,1995,$2 billion(as of 2014),The Lego Group,Sega Pico
Mortal Kombat,1992,$1.878 billion(as of 2006),Warner Bros. Interactive Entertainment,Arcade
Onimusha,2001,$1.798 billion(as of 2016),Capcom,PlayStation 2
Spider-Man?video games,1982,$1.65 billion(as of 2018),Sony Interactive Entertainment,Atari 2600
Tetris,1984,$1.631 billion(as of 2011),The Tetris Company/Blue Planet Software,Electronika 60
One Piece video games,2000,$1.627 billion(as of 2018),Bandai Namco Entertainment,WonderSwan
Harry Potter video games,2001,$1.555 billion(as of 2018),Electronic Arts/Warner Bros. Interactive Entertainment,Game Boy/ PlayStation / PC
The Elder Scrolls,1994,$1.39 billion(as of 2015),Bethesda Softworks,PC
Tom Clancy's,1987,$1.2 billion(as of 2018),Ubisoft,Commodore/Atari ST/ PC
Gundam video games,1983,$1.152 billion(as of 2018),Bandai Namco Entertainment,FM-7/?Handheld/ PC
The Idolmaster,2005,$1.115 billion(as of 2018) (including all media),Bandai Namco Entertainment,Arcade
Diablo,1996,$1 billion(as of 2017),Blizzard Entertainment,PC
StarCraft,1998,$1 billion(as of 2017),Blizzard Entertainment,PC
Red Dead,2004,$1 billion(as of 2018),Rockstar Games,PlayStation 2 / Xbox
Forza,2005,$1 billion(as of 2017),Microsoft Studios,Xbox
Gears of War,2006,$1 billion(as of 2011),Microsoft Studios,Xbox 360
Bubble Witch,2011,$1 billion(as of 2017),King,Browser /Facebook
Pet Rescue,2012,$1 billion(as of 2017),King,Facebook
Farm Heroes,2013,$1 billion(as of 2017),King,Mobile
Destiny,2014,$1 billion(as of 2017),Bungie,PlayStation/Xbox
Heroes of the Storm,2015,$1 billion(as of 2017),Blizzard Entertainment,PC / Mac
Overwatch,2016,$1 billion(as of 2017),Blizzard Entertainment,PlayStation 4 / Xbox One / PC
