Title,Total copies sold,Release date,Genre,Developer,Publisher
Kinect Adventures,24million,"NA:November 4, 2010EU:November 10, 2010AU:November 18, 2010",Sports,Good Science Studio,Microsoft Studios
Grand Theft Auto V,17.79 million,17-Sep-13,Action-adventure game,Rockstar North,Rockstar Games
Halo 3,14.5million,"NA:September 25, 2007AU:September 25, 2007EU:September 26, 2007",First-person shooter,Bungie,Microsoft
The Elder Scrolls V: Skyrim,13.7million,11-Nov-11,Action role-playing game,Bethesda Game Studios,Bethesda Softworks
Minecraft: Xbox 360 Edition,21million,09-May-12,Sandbox game,Mojang/4J Studios,Microsoft
Call of Duty: Black Ops,12million,"November 9, 2010JP:November 18, 2010Sub)JP:December 16, 2010Dub)",First-person shooter,Treyarch,Activision
Halo 4,9.41million,06-Nov-12,First-person shooter,343 Industries,Microsoft Studios
Call of Duty: Modern Warfare 2,7.562million,10-Nov-09,First-person shooter,Infinity Ward,Activision
Gears of War,5million,"NA:November 7, 2006EU:November 17, 2006AU:November 23, 2006JP:January 18, 2007",Third-person shooter,Epic Games,Microsoft
Gears of War 2,5million,"November 7, 2008 JP:July 30, 2009",Third-person shooter,Epic Games,Microsoft
Halo: Reach,4.79million,14-Sep-10,First-person shooter,Bungie,Microsoft
Batman: Arkham City,4.6million,18-Oct-11,Action-adventure game,Rocksteady Studios,Warner Bros. Interactive Entertainment
Grand Theft Auto IV,4.362million,29-Apr-08,Action-adventure game,Rockstar North,Rockstar Games
Call of Duty 4: Modern Warfare,4.211million,05-Nov-07,First-person shooter,Infinity Ward,Activision
Fable II,3.5million,"NA:October 21, 2008AU:October 23, 2008EU:October 24, 2008",Action role-playing game,Lionhead Studios,Microsoft
Call of Duty: World at War,3.35million,"NA:November 11, 2008AU:November 12, 2008EU:November 14, 2008",First-person shooter,Treyarch,Activision
Gears of War 3,3million,"NA/PAL:September 20, 2011JP:September 22, 2011",Third-person shooter,Epic Games,Microsoft Studios
Halo 3: ODST,3million,22-Sep-09,First-person shooter,Bungie,Microsoft
Kinect Sports,3million,04-Nov-10,Sports,Rare,Microsoft
Battlefield 3,2.73million,NA:25 October 2011AU:?27 October 2011EU:28 October 2011JP:2 November 2011,First-person shooter,EA Digital Illusions CE,Electronic Arts
Forza Motorsport 2,2.674million,"NA:May 24, 2007JP:May 29, 2007EU:June 8, 2007AU:June 14, 2007",Racing game,Turn 10 Studios,Microsoft
Assassin's Creed,2.585million,,Action-adventure game,Ubisoft Montreal,Ubisoft
Dance Central,2.5million,,Dance,Harmonix,Microsoft
Marvel: Ultimate Alliance,2.08million,,Action role-playing game,Raven Software,Activision/Vivendi Games/JP:?Interchannel
Uno,2.068million,,Card game,Carbonated Games,Microsoft
Forza Motorsport 3,2million,,Racing game,Turn 10 Studios,Microsoft
Guitar Hero II,2million,03-Apr-07,Rhythm game,Harmonix,Activision
Saints Row,2million,,Action-adventure game,Volition,THQ
Assassin's Creed II,1.917million,,Action-adventure game,Ubisoft Montreal,Ubisoft
The Elder Scrolls IV: Oblivion,1.872million,,Role-playing video game,Bethesda Game Studios,2K Games
Madden NFL 09,1.87million in the US,,Sports game,EA Tiburon,EA Sports
Red Dead Redemption,1.865million,,Action-adventure game,Rockstar North/Rockstar San Diego,Rockstar Games
Dead Rising,1.8million,,Action-adventure game,Capcom,Capcom
Rock Band,1.75million,,Rhythm game,Harmonix,MTV Games
Madden NFL 07,1.72million in the US,,Sports game,EA Tiburon,EA Sports
Guitar Hero III: Legends of Rock,1.652million,,Rhythm game,Neversoft,Activision
Mass Effect 2,1.6million,,Action role-playing game,BioWare,Electronic Arts
Lost Planet: Extreme Condition,1.6million,,Third-person shooter,Capcom,Capcom
Mass Effect,1.6million,,Action role-playing game,BioWare,Microsoft
Tom Clancy's Rainbow Six: Vegas,1.591million,,Tactical shooter,Ubisoft Montreal,Ubisoft
Call of Duty 3,1.534million,,First-person shooter,Treyarch,Activision
Fallout 3,1.51million,,Action role-playing game,Bethesda Game Studios,Bethesda Softworks
Madden NFL 08,1.51million in the US,,Sports game,EA Tiburon,EA Sports
BioShock,1.5million,,First-person shooter,Irrational Games,2K Games
Crackdown,1.5million,,Third-person shooter,Realtime Worlds,Microsoft
Perfect Dark Zero,1.5million,,First-person shooter,Rare,Microsoft
Resident Evil 5,1.423million,,Survival horror,Capcom,Capcom
Tom Clancy's Ghost Recon Advanced Warfighter,1.411million,,Tactical shooter,"Ubisoft Paris,?Red Storm Entertainment",Ubisoft
Call of Duty 2,1.4million,,First-person shooter,Infinity Ward,Activision
Fight Night Round 3,1.29million,,Sports game,EA Chicago,EA Sports
Trials HD[c],1.29million,,"Racing game,puzzle game",RedLynx,Microsoft
UFC 2009 Undisputed,1.23million,,Sports game,Yuke's Osaka,THQ
Guitar Hero World Tour,1.124million,,Rhythm game,Neversoft,Activision
Star Wars: The Force Unleashed,1.123million,,Action game,LucasArts,LucasArts
Battlefield: Bad Company 2,1.05million,,First-person shooter,EA Digital Illusions CE,Electronic Arts
Rock Band 2,1.02million in the US,,Rhythm game,Harmonix,MTV Games
Dead or Alive 4,1million,,Versus fighting game,Team Ninja,Tecmo
Halo Wars,1million,,Real-time strategy,Ensemble Studios,Microsoft
Left 4 Dead,1million,,First-person shooter,Turtle Rock Studios/Valve Corporation,Valve Corporation
Ninja Gaiden II,1million,,Action-adventure game,Team Ninja,Tecmo
The Orange Box,1million,,"First-person shooter,puzzle",Valve Corporation,Valve Corporation
Tom Clancy's Ghost Recon Advanced Warfighter 2,1million,,Tactical shooter,Red Storm Entertainment,Ubisoft
Viva Pinata,1million,,Life simulation game,Rare,Microsoft
