Title,Total copies sold,Genre,Developer,Publisher
Horizon Zero Dawn,10million,Action role-playing,Guerrilla Games,Sony Interactive Entertainment
God of War,9.1million,Action-adventure,SIE Santa Monica Studio,Sony Interactive Entertainment
Marvel's Spider-Man,9million,Action-adventure,Insomniac Games,Sony Interactive Entertainment
Uncharted 4: A Thief's End,8.7million,Action-adventure,Naughty Dog,Sony Interactive Entertainment
The Witcher 3: Wild Hunt,4.8million,Action role-playing,CD Projekt Red,CD Projekt/Spike Chunsoft
Monster Hunter: World,4million,Action role-playing,Capcom,Capcom
Gran Turismo Sport,3.3million,Racing,Polyphony Digital,Sony Interactive Entertainment
Crash Bandicoot N. Sane Trilogy,2.5?million,Platformer,Vicarious Visions,Activision
Final Fantasy XV,2.5million,Action role-playing,Square Enix Business Division 2,Square Enix
FIFA 18,2.4million,Sports,EA Canada/EA Romania,EA Sports
Killzone Shadow Fall,2.1million,First-person shooter,Guerrilla Games,Sony Computer Entertainment
Bloodborne,2million,Action role-playing,FromSoftware,Sony Computer Entertainment
Driveclub,2million,Racing,Evolution Studios,Sony Computer Entertainment
Grand Theft Auto V,2million,Action-adventure,Rockstar North,Rockstar Games
Knack,2million,"Platformer,beat 'em up",SCE Japan Studio,Sony Computer Entertainment
Detroit: Become Human,2million,Adventure,Quantic Dream,Sony Interactive Entertainment|-
Call of Duty: WWII,1.7million,First-person shooter,Sledgehammer Games,Activision
Nier: Automata,1.6million,Action role-playing,PlatinumGames,Square Enix
Street Fighter V,1.5million,Fighting,Capcom/Dimps,Capcom
The Last of Us Remastered,1.5million,"Action-adventure,survival horror",Naughty Dog,Sony Computer Entertainment
Dragon Quest XI: Echoes of an Elusive Age,1.3million,Role-playing,Armor Project/Orca,Square Enix
Battlefield 1,1.3million,First-person shooter,EA DICE,Electronic Arts
Metal Gear Solid V: The Phantom Pain,1.1million,"Action-adventure,stealth",Kojima Productions,Konami
FIFA 17,1million,Sports,EA Canada/EA Bucharest,EA Sports
Call of Duty: Black Ops III,1million,First-person shooter,Treyarch,Activision
Final Fantasy XII: The Zodiac Age,1million,Role-playing,Square Enix/Virtuos,Square Enix
Infamous Second Son,1million,Action-adventure,Sucker Punch Productions,Sony Computer Entertainment
Nioh,1million,Action role-playing,Team Ninja,Sony Interactive Entertainment/Koei Tecmo
