Title,Sales,Platform(s),Initial release date,Developer(s),Publisher(s)
Minecraft,"176,000,000",Multi-platform,"November 18, 2011",Mojang,Mojang
Tetris,"170,000,000",Multi-platform,06-Jun-84,Elektronorgtechnica,Spectrum HoloByte
Grand Theft Auto V,"110,000,000",Multi-platform,17-Sep-13,Rockstar North,Rockstar Games
Wii Sports,"82,870,000",Wii,19-Nov-06,Nintendo EAD,Nintendo
PlayerUnknown's Battlegrounds,"50,000,000",Multi-platform,20-Dec-17,PUBG Corporation,PUBG Corporation
Pokemon Red/Green/Blue/Yellow,"47,520,000",Multi-platform,27-Feb-96,Game Freak,Nintendo
Wii Fit and Wii Fit Plus,"43,800,000",Wii,01-Dec-07,Nintendo EAD,Nintendo
Super Mario Bros.,"43,170,000",Multi-platform,13-Sep-85,Nintendo,Nintendo
Mario Kart Wii,"37,200,000",Wii,10-Apr-08,Nintendo EAD,Nintendo
Wii Sports Resort,"33,100,000",Wii,25-Jun-09,Nintendo EAD,Nintendo
New Super Mario Bros.,"30,800,000",Nintendo DS,15-May-06,Nintendo EAD,Nintendo
New Super Mario Bros. Wii,"30,260,000",Wii,11-Nov-09,Nintendo EAD,Nintendo
The Elder Scrolls V: Skyrim,"30,000,000",Multi-platform,11-Nov-11,Bethesda Game Studios,Bethesda Softworks
Diablo III and Reaper of Souls,"30,000,000",Multi-platform,16-May-12,Blizzard Entertainment,Blizzard Entertainment
Pokemon Gold/Silver/Crystal,"29,490,000",Game Boy Color,21-Nov-99,Game Freak,Nintendo
Duck Hunt,"28,300,000",NES,21-Apr-84,Nintendo R&D1,Nintendo
Wii Play,"28,020,000",Wii,02-Dec-06,Nintendo EAD,Nintendo
Grand Theft Auto: San Andreas,"27,500,000",Multi-platform,26-Oct-04,Rockstar North,Rockstar Games
Terraria,"27,000,000",Multi-platform,16-May-11,Re-Logic,Re-Logic
Call of Duty: Modern Warfare 3,"26,500,000",Multi-platform,08-Nov-11,Infinity Ward/Sledgehammer Games,Activision
Call of Duty: Black Ops,"26,200,000",Multi-platform,09-Nov-10,Treyarch,Activision
Mario Kart 8/Deluxe,"25,130,000",Multi-platform,29-May-14,Nintendo EAD,Nintendo
Grand Theft Auto IV,"25,000,000",Multi-platform,29-Apr-08,Rockstar North,Rockstar Games
Pokemon Diamond/Pearl/Platinum,"24,730,000",Nintendo DS,28-Sep-06,Game Freak,Nintendo/The Pokemon Company
Pokemon Sun/Moon/Ultra Sun/Ultra Moon,"24,520,000",Nintendo 3DS,18-Nov-16,Game Freak,Nintendo/The Pokemon Company
Call of Duty: Black Ops II,"24,200,000",Multi-platform,12-Nov-12,Treyarch,Activision
FIFA 18,"24,000,000",Multi-platform,29-Sep-17,EA Canada,Electronic Arts
Kinect Adventures!,"24,000,000",Xbox 360,04-Nov-10,Good Science Studio,Microsoft Studios
Red Dead Redemption 2,"24,000,000",Multi-platform,26-Oct-18,Rockstar Studios,Rockstar Games
Sonic the Hedgehog,"23,982,960",Multi-platform,23-Jun-91,Sonic Team,Sega
Nintendogs,"23,960,000",Nintendo DS,21-Apr-05,Nintendo EAD,Nintendo
Mario Kart DS,"23,600,000",Nintendo DS,14-Nov-05,Nintendo EAD,Nintendo
Call of Duty: Modern Warfare 2,"22,700,000",Multi-platform,10-Nov-09,Infinity Ward,Activision
Pokemon Ruby/Sapphire/Emerald,"22,540,000",Game Boy Advance,21-Nov-02,Game Freak,Nintendo?/?The Pok?mon Company
Super Mario World,"20,972,500",Multi-platform,21-Nov-90,Nintendo EAD,Nintendo
Frogger,"20,000,000",Multi-platform,05-Jun-81,Konami,Sega
Grand Theft Auto: Vice City,"20,000,000",Multi-platform,27-Oct-02,Rockstar North,Rockstar Games
Lemmings,"20,000,000",Multi-platform,14-Feb-91,DMA Design,Psygnosis
Borderlands 2,"20,000,000",Multi-platform,18-Sep-12,Gearbox Software,2K Games
Brain Age,"19,010,000",Nintendo DS,19-May-05,Nintendo SPD,Nintendo
Super Mario Bros. 3,"19,000,000",Multi-platform,23-Oct-88,Nintendo R&D4,Nintendo
Call of Duty: Ghosts,"19,000,000",Multi-platform,05-Nov-13,Infinity Ward,Activision
Super Mario Land,"18,370,500",Multi-platform,21-Apr-89,Nintendo R&D1,Nintendo
Mario Kart 7,"18,260,000",Nintendo 3DS,01-Dec-11,Nintendo EAD,Nintendo
Sonic & Sega All-Stars Racing,"17,770,000",Multi-platform,23-Jun-11,Sumo Digital,Sega
Grand Theft Auto III,"17,500,000",Multi-platform,22-Oct-01,DMA Design,Rockstar Games
The Last of Us/Remastered,"17,000,000",Multi-platform,14-Jun-13,Naughty Dog,Sony Computer Entertainment
Pokemon X and Y,"16,390,000",Nintendo 3DS,12-Oct-13,Game Freak,Nintendo/The Pokemon Company
The Sims,"16,000,000",Multi-platform,31-Jan-00,Maxis,Electronic Arts
Need for Speed: Most Wanted,"16,000,000",Multi-platform,11-Nov-05,EA Black Box,Electronic Arts
