Title,Copies sold
Grand Theft Auto IV,25 million 
Grand Theft Auto V,21.3 million
Gran Turismo 5,11.94 million
The Last of Us,7 million
Uncharted 3: Drake's Deception,6.6 million
Uncharted 2: Among Thieves,6.5 million
Metal Gear Solid 4: Guns of the Patriots,6 million
Batman: Arkham City,5.49 million
Gran Turismo 5 Prologue,5.35 million
God of War III,5.2 million
Gran Turismo 6,5.06 million
Call of Duty: Modern Warfare 2,4.8 million 
MotorStorm,3.31 million
Call of Duty: Black Ops,3.269 million 
Heavy Rain,3.03 million
LittleBigPlanet,3 million
Final Fantasy XIII,2.97 million 
Beyond: Two Souls,2.8 million
Uncharted: Drake's Fortune,2.6 million
Resistance: Fall of Man,2.5 million
God of War Collection,2.42 millions
Resident Evil HD Remaster,2.3 million
Devil May Cry 4,2 million
Killzone 2,2 million
inFamous,2 million
Call of Duty 4: Modern Warfare,1.977 million 
Call of Duty: World at War,1.83 million 
Demon's Souls,1.7 million
Resident Evil 5,1.62 million 
Heavenly Sword,1.5 million
Minecraft: PlayStation 3 Edition,1.5 million
Red Dead Redemption,1.35 million 
Ratchet & Clank Future: Tools of Destruction,1.25 million
Ni no Kuni: Wrath of the White Witch,1.1 million
MotorStorm: Pacific Rift,1 million
